0;8.74754e-17
99.948;7.5878
199.896;3.30875e-05
299.844;22.9665
399.792;0.0993207
499.74;-17.9355
599.688;-0.000179072
699.636;-4.8851
799.584;-0.000132567
899.532;-2.4795
999.48;-0.000118368
1099.43;-1.53476
1199.38;-0.000111773
1299.32;-1.0532
1399.27;-0.000108253
1499.22;-0.77096
1599.17;-0.000106052
1699.12;-0.59019
1799.06;-0.000104454
1899.01;-0.467009
1998.96;-0.000103553
2098.91;-0.379079
2198.86;-0.00010265
2298.8;-0.314048
2398.75;-0.000102232
2498.7;-0.264529
2598.65;-0.000101856
2698.6;-0.225927
2798.54;-0.00010135
2898.49;-0.195252
2998.44;-0.000101134
3098.39;-0.17045
3198.34;-0.000100943
3298.28;-0.150107
3398.23;-0.00010066
3498.18;-0.13322
3598.13;-0.000100659
3698.08;-0.119035
3798.03;-0.000100712
3897.97;-0.106998
3997.92;-0.000100433
4097.87;-0.0967133
4197.82;-0.000100509
4297.77;-0.0878344
4397.71;-0.000100073
4497.66;-0.0801414
4597.61;-0.000100141
4697.56;-0.0734103
4797.51;-0.000100007
4897.45;-0.0674985
4997.4;-0.000100104
5097.35;-0.0622678
5197.3;-9.99274e-05
5297.25;-0.0576286
5397.19;-9.99072e-05
5497.14;-0.0534919
5597.09;-0.000100324
5697.04;-0.0497697
5796.99;-9.99292e-05
5896.93;-0.0464345
5996.88;-9.97351e-05
6096.83;-0.0434288
6196.78;-0.000100078
6296.73;-0.0406938
6396.67;-9.98929e-05
6496.62;-0.0382142
6596.57;-9.97384e-05
6696.52;-0.0359576
6796.47;-9.98134e-05
6896.41;-0.033893
6996.36;-9.99911e-05
7096.31;-0.0319952
7196.26;-9.97143e-05
7296.21;-0.0302583
7396.15;-9.96306e-05
7496.1;-0.028659
7596.05;-9.96782e-05
7696;-0.027178
7795.95;-9.91152e-05
7895.89;-0.0258235
7995.84;-9.96022e-05
8095.79;-0.0245566
8195.74;-9.99174e-05
8295.69;-0.0233728
8395.63;-9.92409e-05
8495.58;-0.0222898
8595.53;-9.97834e-05
8695.48;-0.0212646
8795.43;-9.92934e-05
8895.37;-0.020322
8995.32;-9.97374e-05
9095.27;-0.0194304
9195.22;-9.97163e-05
9295.17;-0.0185969
9395.11;-9.94804e-05
9495.06;-0.0178203
9595.01;-9.95753e-05
9694.96;-0.0170875
9794.91;-9.92771e-05
9894.85;-0.0164069
9994.8;-9.98949e-05
10094.8;-0.0157537
10194.7;-9.96055e-05
10294.6;-0.0151461
10394.6;-9.97202e-05
10494.5;-0.0145708
10594.5;-9.98832e-05
10694.4;-0.0140242
10794.4;-9.9777e-05
10894.3;-0.013506
10994.3;-9.89403e-05
11094.2;-0.0130279
11194.2;-9.89766e-05
11294.1;-0.0125711
11394.1;-9.88335e-05
11494;-0.0121453
11594;-0.000100086
11693.9;-0.0117235
11793.9;-0.000100311
11893.8;-0.011323
11993.8;-9.98806e-05
12093.7;-0.010949
12193.7;-9.97994e-05
12293.6;-0.0105906
12393.6;-9.91494e-05
12493.5;-0.0102609
12593.5;-0.000100124
12693.4;-0.0099285
12793.3;-9.94495e-05
12893.3;-0.00962242
12993.2;-9.91732e-05
13093.2;-0.00933268
13193.1;-9.94161e-05
13293.1;-0.00905271
13393;-9.97316e-05
13493;-0.00878171
13592.9;-9.98007e-05
13692.9;-0.00852011
13792.8;-9.90426e-05
13892.8;-0.00827951
13992.7;-9.91494e-05
14092.7;-0.00804563
14192.6;-9.9289e-05
14292.6;-0.00781859
14392.5;-9.87357e-05
14492.5;-0.0076115
14592.4;-9.98158e-05
14692.4;-0.00739995
14792.3;-0.000100179
14892.3;-0.00719391
14992.2;-9.94353e-05
15092.2;-0.00700708
15192.1;-9.98318e-05
15292;-0.00682131
15392;-9.99329e-05
15491.9;-0.00664163
15591.9;-9.98024e-05
15691.8;-0.00646706
15791.8;-9.86449e-05
15891.7;-0.00631196
15991.7;-9.89478e-05
16091.6;-0.00615869
16191.6;-9.9912e-05
16291.5;-0.0060003
16391.5;-9.94877e-05
16491.4;-0.0058542
16591.4;-9.93067e-05
16691.3;-0.00571448
16791.3;-9.93597e-05
16891.2;-0.00557909
16991.2;-9.9631e-05
17091.1;-0.00544363
17191.1;-9.86931e-05
17291;-0.00532554
17391;-9.96623e-05
17490.9;-0.00520146
17590.9;-0.000100337
17690.8;-0.0050754
17790.7;-9.95764e-05
17890.7;-0.00496209
17990.6;-9.93472e-05
18090.6;-0.00485381
18190.5;-9.9878e-05
18290.5;-0.00474047
18390.4;-9.88142e-05
18490.4;-0.00464133
18590.3;-9.87688e-05
18690.3;-0.00454359
18790.2;-9.89383e-05
18890.2;-0.00444763
18990.1;-9.92597e-05
19090.1;-0.00435139
19190;-9.89779e-05
19290;-0.00426094
19389.9;-9.88038e-05
19489.9;-0.00417438
19589.8;-9.89062e-05
19689.8;-0.0040882
19789.7;-9.82482e-05
19889.7;-0.00401553
19989.6;-0.000100554
20089.6;-0.00392067
20189.5;-9.87646e-05
20289.4;-0.00385123
20389.4;-9.99267e-05
20489.3;-0.00377003
20589.3;-9.94518e-05
20689.2;-0.00369823
20789.2;-9.9895e-05
20889.1;-0.00362294
20989.1;-9.92938e-05
21089;-0.00355636
21189;-9.96637e-05
21288.9;-0.0034884
21388.9;-0.000100226
21488.8;-0.00341563
21588.8;-9.88768e-05
21688.7;-0.00335634
21788.7;-9.86461e-05
21888.6;-0.00330107
21988.6;-0.000100305
22088.5;-0.00323245
22188.5;-9.96899e-05
22288.4;-0.0031718
22388.4;-9.86873e-05
22488.3;-0.00312198
22588.3;-0.000100112
22688.2;-0.00305848
22788.2;-9.88717e-05
22888.1;-0.00301025
22988;-0.000100026
23088;-0.00294973
23187.9;-9.85633e-05
23287.9;-0.00290345
23387.8;-9.85655e-05
23487.8;-0.00285718
23587.7;-9.92116e-05
23687.7;-0.00280817
23787.6;-9.93262e-05
23887.6;-0.0027653
23987.5;-0.000101716
24087.5;-0.00270382
24187.4;-9.98276e-05
24287.4;-0.00266185
24387.3;-0.000100281
24487.3;-0.00261103
24587.2;-9.83185e-05
24687.2;-0.00257621
24787.1;-9.88841e-05
24887.1;-0.00253576
24987;-9.93829e-05
25087;-0.00249455
25186.9;-0.000100056
25286.9;-0.00244854
25386.8;-9.86882e-05
25486.7;-0.00241547
25586.7;-9.93864e-05
25686.6;-0.00237845
25786.6;-0.000100605
25886.5;-0.00233383
25986.5;-9.9761e-05
26086.4;-0.00229688
26186.4;-9.91538e-05
26286.3;-0.00226429
26386.3;-9.97198e-05
26486.2;-0.0022279
26586.2;-0.00010028
26686.1;-0.00218417
26786.1;-9.70084e-05
26886;-0.00216618
26986;-9.90877e-05
27085.9;-0.00213072
27185.9;-9.93099e-05
27285.8;-0.00209777
27385.8;-9.95656e-05
27485.7;-0.00206267
27585.7;-9.82183e-05
27685.6;-0.00203922
27785.6;-9.97019e-05
27885.5;-0.0020028
27985.4;-9.79146e-05
28085.4;-0.00198329
28185.3;-9.97652e-05
28285.3;-0.00195194
28385.2;-0.000100472
28485.2;-0.00191855
28585.1;-9.93405e-05
28685.1;-0.00189677
28785;-0.000101179
28885;-0.00186084
28984.9;-9.94858e-05
29084.9;-0.00183924
29184.8;-0.000100123
29284.8;-0.00181292
29384.7;-0.000100609
29484.7;-0.00178483
29584.6;-0.000100443
29684.6;-0.00175873
29784.5;-0.000100357
29884.5;-0.00173241
29984.4;-9.99167e-05
30084.4;-0.0017071
30184.3;-9.88907e-05
30284.3;-0.00168706
30384.2;-9.87776e-05
30484.1;-0.00166855
30584.1;-0.00010057
30684;-0.00163676
30784;-9.81142e-05
30883.9;-0.00162372
30983.9;-9.98923e-05
31083.8;-0.00159676
31183.8;-9.92501e-05
31283.7;-0.00157343
31383.7;-9.74981e-05
31483.6;-0.00156054
31583.6;-9.83356e-05
31683.5;-0.00154358
31783.5;-0.000100195
31883.4;-0.0015175
31983.4;-9.97091e-05
32083.3;-0.00149665
32183.3;-9.93897e-05
32283.2;-0.00147687
32383.2;-9.91605e-05
32483.1;-0.00145611
32583.1;-9.76735e-05
32683;-0.00144433
32783;-9.8723e-05
32882.9;-0.00142534
32982.8;-9.84924e-05
33082.8;-0.00141084
33182.7;-9.94268e-05
33282.7;-0.00139443
33382.6;-0.000101261
33482.6;-0.00136938
33582.5;-0.00010037
33682.5;-0.00135062
33782.4;-9.93199e-05
33882.4;-0.00133812
33982.3;-0.000100887
34082.3;-0.00131371
34182.2;-9.89413e-05
34282.2;-0.00129909
34382.1;-9.77004e-05
34482.1;-0.00128819
34582;-9.76417e-05
34682;-0.00127715
34781.9;-9.84952e-05
34881.9;-0.00126344
34981.8;-9.93693e-05
35081.8;-0.00124837
35181.7;-0.000100066
35281.7;-0.0012333
35381.6;-0.000101014
35481.5;-0.00121677
35581.5;-0.000102393
35681.4;-0.00119201
35781.4;-9.97966e-05
35881.3;-0.00117918
35981.3;-9.76074e-05
36081.2;-0.00117822
36181.2;-0.000101651
36281.1;-0.00115282
36381.1;-9.91632e-05
36481;-0.00114543
36581;-0.000100733
36680.9;-0.00112684
36780.9;-9.9474e-05
36880.8;-0.00111546
36980.8;-9.93986e-05
37080.7;-0.00110178
37180.7;-9.817e-05
37280.6;-0.00109494
37380.6;-9.92783e-05
37480.5;-0.00108284
37580.5;-0.000100004
37680.4;-0.00106987
37780.4;-0.000100895
37880.3;-0.00105222
37980.3;-9.90253e-05
38080.2;-0.00104552
38180.1;-0.000100249
38280.1;-0.00103129
38380;-0.000100214
38480;-0.00101641
38579.9;-9.82191e-05
38679.9;-0.00101226
38779.8;-0.000100025
38879.8;-0.000997112
38979.7;-9.89471e-05
39079.7;-0.000990326
39179.6;-0.000100845
39279.6;-0.000970694
39379.5;-9.68883e-05
39479.5;-0.000974953
39579.4;-0.000101334
39679.4;-0.000955725
39779.3;-0.000100522
39879.3;-0.000945466
39979.2;-0.000101588
40079.2;-0.000926941
40179.1;-9.86357e-05
40279.1;-0.000920438
40379;-9.75426e-05
40479;-0.000915606
40578.9;-9.78282e-05
40678.8;-0.00091011
40778.8;-9.9754e-05
40878.7;-0.000896758
40978.7;-9.95043e-05
41078.6;-0.000886634
41178.6;-9.97742e-05
41278.5;-0.000872381
41378.5;-9.66575e-05
41478.4;-0.000873469
41578.4;-9.89606e-05
41678.3;-0.000863086
41778.3;-0.000100044
41878.2;-0.000848296
41978.2;-9.75642e-05
42078.1;-0.000846589
42178.1;-9.91489e-05
42278;-0.000837253
42378;-9.99618e-05
42477.9;-0.000826315
42577.9;-0.000100093
42677.8;-0.000814228
42777.8;-9.83933e-05
42877.7;-0.000809234
42977.7;-9.87785e-05
43077.6;-0.000799727
43177.5;-9.71788e-05
43277.5;-0.000799549
43377.4;-9.99811e-05
43477.4;-0.00078781
43577.3;-0.000100772
43677.3;-0.00077349
43777.2;-9.83852e-05
43877.2;-0.000769194
43977.1;-9.84087e-05
44077.1;-0.000761605
44177;-9.72112e-05
44277;-0.000761141
44376.9;-0.00010015
44476.9;-0.000748063
44576.8;-9.99101e-05
44676.8;-0.000735367
44776.7;-9.61137e-05
44876.7;-0.000739835
44976.6;-9.9275e-05
45076.6;-0.000729065
45176.5;-9.90914e-05
45276.5;-0.000722424
45376.4;-9.96467e-05
45476.4;-0.000713849
45576.3;-9.94839e-05
45676.2;-0.000705743
45776.2;-9.8401e-05
45876.1;-0.000703551
45976.1;-0.000100905
46076;-0.000688026
46176;-9.71338e-05
46275.9;-0.000689861
46375.9;-9.88239e-05
46475.8;-0.00068255
46575.8;-9.86245e-05
46675.7;-0.000679696
46775.7;-0.000101193
46875.6;-0.000666578
46975.6;-9.95545e-05
47075.5;-0.00066276
47175.5;-0.000101095
47275.4;-0.000648953
47375.4;-9.76226e-05
47475.3;-0.000647067
47575.3;-9.57541e-05
47675.2;-0.000652526
47775.2;-0.000100007
47875.1;-0.000642391
47975.1;-0.000100919
48075;-0.000632164
48174.9;-9.97214e-05
48274.9;-0.000627839
48374.8;-9.9953e-05
48474.8;-0.000623036
48574.7;-0.000101292
48674.7;-0.000612318
48774.6;-9.93798e-05
48874.6;-0.000609606
48974.5;-9.97392e-05
49074.5;-0.000604151
49174.4;-9.95985e-05
49274.4;-0.000600375
49374.3;-0.000100735
49474.3;-0.000592414
49574.2;-0.00010027
49674.2;-0.000586808
49774.1;-9.99882e-05
49874.1;-0.000581634
49974;-9.95521e-05
50074;-0.000578667
50173.9;-0.000100591
50273.9;-0.000572659
50373.8;-0.000101334
50473.8;-0.000565465
50573.7;-0.000102292
50673.6;-0.000551353
50773.6;-9.69061e-05
50873.5;-0.000557146
50973.5;-9.9682e-05
51073.4;-0.000546459
51173.4;-9.58972e-05
51273.3;-0.000552637
51373.3;-9.92876e-05
51473.2;-0.00054676
51573.2;-0.00010132
51673.1;-0.000535735
51773.1;-9.95026e-05
51873;-0.000532156
51973;-9.88797e-05
52072.9;-0.000530639
52172.9;-0.000100579
52272.8;-0.000522735
52372.8;-0.000100158
52472.7;-0.000516203
52572.7;-9.88253e-05
52672.6;-0.000512223
52772.6;-9.69702e-05
52872.5;-0.000515604
52972.5;-0.000100888
53072.4;-0.00050216
53172.4;-9.64837e-05
53272.3;-0.000507953
53372.2;-9.95571e-05
53472.2;-0.000503418
53572.1;-0.000102474
53672.1;-0.000489394
53772;-9.85542e-05
53872;-0.000490359
53971.9;-9.92589e-05
54071.9;-0.000486209
54171.8;-9.88161e-05
54271.8;-0.000484831
54371.7;-9.9802e-05
54471.7;-0.000482883
54571.6;-0.000103381
54671.6;-0.00046811
54771.5;-9.93035e-05
54871.5;-0.000468502
54971.4;-9.96643e-05
55071.4;-0.000464801
55171.3;-9.96181e-05
55271.3;-0.000461075
55371.2;-9.96075e-05
55471.2;-0.000456848
55571.1;-9.90587e-05
55671.1;-0.000454366
55771;-9.94973e-05
55870.9;-0.000448766
55970.9;-9.70111e-05
56070.8;-0.000454898
56170.8;-0.00010284
56270.7;-0.000440346
56370.7;-9.99025e-05
56470.6;-0.000437266
56570.6;-9.76415e-05
56670.5;-0.000443015
56770.5;-0.000103645
56870.4;-0.000426377
56970.4;-9.87102e-05
57070.3;-0.000428598
57170.3;-9.96327e-05
57270.2;-0.00042486
57370.2;-9.95193e-05
57470.1;-0.000422172
57570.1;-0.000100225
57670;-0.000416381
57770;-9.8694e-05
57869.9;-0.000415985
57969.9;-9.94495e-05
58069.8;-0.000413534
58169.8;-0.000101366
58269.7;-0.000403308
58369.6;-9.69492e-05
58469.6;-0.000408745
58569.5;-9.95735e-05
58669.5;-0.000406379
58769.4;-0.000103578
58869.4;-0.000389715
58969.3;-9.60748e-05
59069.3;-0.000399811
59169.2;-0.00010154
59269.2;-0.000386483
59369.1;-9.65364e-05
59469.1;-0.000390503
59569;-9.69626e-05
59669;-0.000392988
59768.9;-0.000100889
59868.9;-0.000385364
59968.8;-0.000101477
60068.8;-0.000376455
60168.7;-9.7132e-05
60268.7;-0.000383197
60368.6;-0.000102117
60468.6;-0.00037274
60568.5;-0.000100537
60668.5;-0.000369069
60768.4;-0.00010026
60868.3;-0.000362419
60968.3;-9.60914e-05
61068.2;-0.000367683
61168.2;-9.81943e-05
61268.1;-0.000365406
61368.1;-9.95044e-05
61468;-0.000361073
61568;-9.98118e-05
61667.9;-0.000356338
61767.9;-9.87796e-05
61867.8;-0.000355036
61967.8;-9.97358e-05
62067.7;-0.000349172
62167.7;-9.77375e-05
62267.6;-0.000348863
62367.6;-9.78172e-05
62467.5;-0.000346929
62567.5;-9.7791e-05
62667.4;-0.000345465
62767.4;-9.90809e-05
62867.3;-0.000338258
62967.3;-9.53577e-05
63067.2;-0.000342345
63167.2;-9.72374e-05
63267.1;-0.000338791
63367;-9.59114e-05
63467;-0.000342356
63566.9;-0.000100083
63666.9;-0.000333944
63766.8;-9.8247e-05
63866.8;-0.000333217
63966.7;-9.82933e-05
64066.7;-0.000332817
64166.6;-9.97256e-05
64266.6;-0.000329915
64366.5;-0.000100438
64466.5;-0.000328605
64566.4;-0.000103905
64666.4;-0.000318072
64766.3;-0.000102017
64866.3;-0.000311334
64966.2;-9.73854e-05
65066.2;-0.000314226
65166.1;-9.65236e-05
65266.1;-0.00031811
65366;-9.98223e-05
65466;-0.000313687
65565.9;-0.000100538
65665.9;-0.000309421
65765.8;-0.000100193
65865.7;-0.000306213
65965.7;-9.92617e-05
66065.6;-0.00030565
66165.6;-0.000100218
66265.5;-0.000301153
66365.5;-9.76843e-05
66465.4;-0.000307336
66565.4;-0.000104774
66665.3;-0.000292195
66765.3;-9.93414e-05
66865.2;-0.000294942
66965.2;-0.000101289
67065.1;-0.000288282
67165.1;-9.86013e-05
67265;-0.000288204
67365;-9.8537e-05
67464.9;-0.000284675
67564.9;-9.5609e-05
67664.8;-0.000288932
67764.8;-9.86295e-05
67864.7;-0.000281325
67964.7;-9.30048e-05
68064.6;-0.000292072
68164.6;-9.88736e-05
68264.5;-0.000288387
68364.5;-0.000102134
68464.4;-0.000279644
68564.3;-9.98797e-05
68664.3;-0.000278901
68764.2;-0.000100456
68864.2;-0.000275659
68964.1;-0.000100125
69064.1;-0.000272937
69164;-9.91146e-05
69264;-0.000273372
69363.9;-0.00010143
69463.9;-0.000265381
69563.8;-9.66844e-05
69663.8;-0.00027117
69763.7;-0.000100264
69863.7;-0.000265338
69963.6;-9.83659e-05
70063.6;-0.000266173
70163.5;-9.90084e-05
70263.5;-0.000266595
70363.4;-0.000102445
70463.4;-0.000257751
70563.3;-9.81358e-05
70663.3;-0.000263547
70763.2;-0.000104351
70863.2;-0.00024925
70963.1;-9.68001e-05
71063;-0.000255158
71163;-9.74845e-05
71262.9;-0.000257294
71362.9;-0.000100584
71462.8;-0.000252515
71562.8;-9.96551e-05
71662.7;-0.000253223
71762.7;-0.00010263
71862.6;-0.000245981
71962.6;-9.99533e-05
72062.5;-0.000247128
72162.5;-0.00010188
72262.4;-0.000241709
72362.4;-0.000100108
72462.3;-0.000239783
72562.3;-9.7729e-05
72662.2;-0.00024394
72762.2;-0.000101558
72862.1;-0.000237975
72962.1;-0.000100637
73062;-0.000234888
73162;-9.89263e-05
73261.9;-0.000234455
73361.9;-9.74458e-05
73461.8;-0.000238913
73561.7;-0.000103058
73661.7;-0.000228521
73761.6;-9.92063e-05
73861.6;-0.000227102
73961.5;-9.50073e-05
74061.5;-0.000235986
74161.4;-0.000101505
74261.4;-0.00022841
74361.3;-9.95025e-05
74461.3;-0.000230981
74561.2;-0.000104831
74661.2;-0.000219465
74761.1;-0.000100692
74861.1;-0.000215913
74961;-9.43234e-05
75061;-0.000225694
75160.9;-9.8708e-05
75260.9;-0.000225022
75360.8;-0.000102612
75460.8;-0.000217502
75560.7;-0.000100321
75660.7;-0.000217807
75760.6;-0.000102291
75860.6;-0.000211485
75960.5;-9.91714e-05
76060.4;-0.000211918
76160.4;-9.90692e-05
76260.3;-0.000208913
76360.3;-9.4862e-05
76460.2;-0.000216361
76560.2;-9.86178e-05
76660.1;-0.000218168
76760.1;-0.000106422
76860;-0.000203873
76960;-0.000101115
77059.9;-0.000203948
77159.9;-0.000100769
77259.8;-0.000201301
77359.8;-9.92625e-05
77459.7;-0.000199895
77559.7;-9.74404e-05
77659.6;-0.000200614
77759.6;-9.67228e-05
77859.5;-0.000202586
77959.5;-9.90967e-05
78059.4;-0.000198218
78159.4;-9.61544e-05
78259.3;-0.000203342
78359.3;-0.000102228
78459.2;-0.000191461
78559.1;-9.3103e-05
78659.1;-0.000204695
78759;-0.000102514
78859;-0.000195522
78958.9;-0.000102197
79058.9;-0.000189185
79158.8;-9.8062e-05
79258.8;-0.000189898
79358.7;-9.55527e-05
79458.7;-0.000196208
79558.6;-0.00010199
79658.6;-0.000187051
79758.5;-9.82069e-05
79858.5;-0.000187325
79958.4;-9.65478e-05
80058.4;-0.000190556
80158.3;-9.92694e-05
80258.3;-0.000188607
80358.2;-0.000100881
80458.2;-0.000184564
80558.1;-0.000100132
80658.1;-0.000182065
80758;-9.85876e-05
80858;-0.000181907
80957.9;-9.8201e-05
81057.8;-0.000181787
81157.8;-9.85032e-05
81257.7;-0.000181114
81357.7;-9.91799e-05
81457.6;-0.000179162
81557.6;-9.90009e-05
81657.5;-0.000177236
81757.5;-9.76452e-05
81857.4;-0.00017792
81957.4;-9.80505e-05
82057.3;-0.000177348
82157.3;-9.79728e-05
82257.2;-0.000177946
82357.2;-9.91578e-05
82457.1;-0.000178377
82557.1;-0.000103404
82657;-0.000169272
82757;-9.67775e-05
82856.9;-0.000177585
82956.9;-0.000104589
83056.8;-0.000166531
83156.8;-9.80926e-05
83256.7;-0.000172824
83356.7;-0.000103235
83456.6;-0.000167449
83556.6;-0.000103871
83656.5;-0.00016068
83756.4;-9.88668e-05
83856.4;-0.000162954
83956.3;-9.91374e-05
84056.3;-0.000161199
84156.2;-9.63699e-05
84256.2;-0.000166312
84356.1;-0.000101741
84456.1;-0.000159844
84556;-0.000100344
84656;-0.00015588
84755.9;-9.57289e-05
84855.9;-0.000159433
84955.8;-9.58477e-05
85055.8;-0.00016152
85155.7;-9.75926e-05
85255.7;-0.000162065
85355.6;-0.000101217
85455.6;-0.00015623
85555.5;-9.86216e-05
85655.5;-0.000156955
85755.4;-9.94019e-05
85855.4;-0.000154943
85955.3;-9.78549e-05
86055.3;-0.000157492
86155.2;-0.000101574
86255.1;-0.000152672
86355.1;-0.00010038
86455;-0.000151554
86555;-0.00010098
86654.9;-0.000147446
86754.9;-9.75997e-05
86854.8;-0.000148859
86954.8;-9.71127e-05
87054.7;-0.000149864
87154.7;-9.78857e-05
87254.6;-0.000149742
87354.6;-9.9313e-05
87454.5;-0.00014701
87554.5;-9.78794e-05
87654.4;-0.00014782
87754.4;-9.90463e-05
87854.3;-0.000145882
87954.3;-9.79296e-05
88054.2;-0.000147492
88154.2;-0.000100597
88254.1;-0.000144671
88354.1;-0.000101539
88454;-0.000140203
88554;-9.88314e-05
88653.9;-0.000140079
88753.8;-9.81594e-05
88853.8;-0.000138526
88953.7;-9.51634e-05
89053.7;-0.000141894
89153.6;-9.66326e-05
89253.6;-0.000141593
89353.5;-9.59115e-05
89453.5;-0.000145744
89553.4;-0.000102152
89653.4;-0.000139506
89753.3;-0.000100869
89853.3;-0.000138426
89953.2;-0.00010164
90053.2;-0.000135163
90153.1;-9.97257e-05
90253.1;-0.000134841
90353;-9.83377e-05
90453;-0.000137141
90552.9;-0.000100869
90652.9;-0.000135808
90752.8;-0.000103111
90852.8;-0.000131461
90952.7;-0.00010151
91052.7;-0.000131319
91152.6;-0.000103622
91252.5;-0.000125875
91352.5;-0.000101492
91452.4;-0.000120507
91552.4;-9.21341e-05
91652.3;-0.000130048
91752.3;-9.59522e-05
91852.2;-0.000131002
91952.2;-0.00010008
92052.1;-0.000124548
92152.1;-9.44599e-05
92252;-0.000129541
92352;-9.68674e-05
92451.9;-0.00012953
92551.9;-9.81566e-05
92651.8;-0.000129122
92751.8;-9.88525e-05
92851.7;-0.000130697
92951.7;-0.000104421
93051.6;-0.000123249
93151.6;-0.000101547
93251.5;-0.000121086
93351.5;-9.69995e-05
93451.4;-0.00012774
93551.4;-0.000104035
93651.3;-0.000122163
93751.2;-0.000104659
93851.2;-0.000116508
93951.1;-0.000100129
94051.1;-0.000118275
94151;-0.000101324
94251;-0.000115063
94350.9;-9.81953e-05
94450.9;-0.00011636
94550.8;-9.79603e-05
94650.8;-0.000116042
94750.7;-9.58361e-05
94850.7;-0.000121171
94950.6;-0.00010339
95050.6;-0.000111399
95150.5;-9.49536e-05
95250.5;-0.000119099
95350.4;-0.000101154
95450.4;-0.000113993
95550.3;-9.86818e-05
95650.3;-0.000115131
95750.2;-9.98924e-05
95850.2;-0.000113929
95950.1;-9.99721e-05
96050.1;-0.000113202
96150;-9.98346e-05
96250;-0.00011407
96349.9;-0.000103228
96449.8;-0.00010954
96549.8;-0.000102102
96649.7;-0.000106855
96749.7;-0.000100148
96849.6;-0.000104402
96949.6;-9.43348e-05
97049.5;-0.000110648
97149.5;-9.80808e-05
97249.4;-0.00010952
97349.4;-9.8512e-05
97449.3;-0.000109756
97549.3;-0.000100355
97649.2;-0.000108123
97749.2;-0.000101295
97849.1;-0.000105674
97949.1;-0.000100797
98049;-0.000103106
98149;-9.73189e-05
98248.9;-0.000105411
98348.9;-9.7363e-05
98448.8;-0.000107959
98548.8;-0.000101402
98648.7;-0.000105453
98748.7;-0.0001029
98848.6;-0.000101967
98948.5;-0.000101598
99048.5;-0.000100809
99148.4;-0.000101731
99248.4;-9.69451e-05
99348.3;-9.57971e-05
99448.3;-0.000102277
99548.2;-9.90563e-05
99648.2;-0.000101455
99748.1;-0.000100397
99848.1;-9.96768e-05
99948;-9.98394e-05
100048;-9.98965e-05
100148;-0.000101679
100248;-9.7222e-05
100348;-0.00010139
100448;-9.3702e-05
100548;-9.59578e-05
100648;-9.82726e-05
100748;-9.82397e-05
100848;-9.89502e-05
100948;-0.000101156
101047;-9.6879e-05
101147;-0.000102795
101247;-9.24252e-05
101347;-9.89219e-05
101447;-9.36865e-05
101547;-9.81642e-05
101647;-9.64291e-05
101747;-0.000104089
101847;-8.84788e-05
101947;-9.67604e-05
102047;-9.28753e-05
102147;-9.91656e-05
102247;-9.16666e-05
102347;-9.9171e-05
102447;-9.05995e-05
102547;-9.77225e-05
102647;-9.2276e-05
102747;-0.000100021
102847;-9.07801e-05
102946;-0.000101045
103046;-8.79625e-05
103146;-9.9071e-05
103246;-8.73114e-05
103346;-9.63995e-05
103446;-9.09613e-05
103546;-0.000101383
103646;-8.59541e-05
103746;-9.7288e-05
103846;-8.83714e-05
103946;-9.87791e-05
104046;-8.8954e-05
104146;-0.00010333
104246;-8.1775e-05
104346;-9.60618e-05
104446;-8.59804e-05
104546;-9.83516e-05
104646;-8.51634e-05
104746;-9.99973e-05
104845;-8.00181e-05
104945;-9.12122e-05
105045;-8.86143e-05
105145;-9.78506e-05
105245;-8.66471e-05
105345;-9.93587e-05
105445;-8.45337e-05
105545;-9.77578e-05
105645;-8.65335e-05
105745;-0.000101019
105845;-8.57692e-05
105945;-0.000106606
106045;-7.61542e-05
106145;-9.69639e-05
106245;-8.07447e-05
106345;-9.88452e-05
106445;-7.9504e-05
106545;-9.75196e-05
106645;-8.00695e-05
106744;-9.74478e-05
106844;-8.05177e-05
106944;-9.79666e-05
107044;-8.13656e-05
107144;-0.000102028
107244;-7.57388e-05
107344;-9.7002e-05
107444;-7.63712e-05
107544;-9.30436e-05
107644;-8.24597e-05
107744;-0.000100217
107844;-7.81437e-05
107944;-9.87054e-05
108044;-7.79238e-05
108144;-9.93653e-05
108244;-7.54605e-05
108344;-9.46297e-05
108444;-8.09483e-05
108544;-0.000101337
108644;-7.68695e-05
108743;-0.000100444
108843;-7.54922e-05
108943;-9.87573e-05
109043;-7.69951e-05
109143;-0.000101989
109243;-7.31831e-05
109343;-9.81882e-05
109443;-7.59146e-05
109543;-0.000102647
109643;-7.02765e-05
109743;-9.53473e-05
109843;-7.56885e-05
109943;-9.94436e-05
110043;-7.51773e-05
110143;-0.000102811
110243;-7.03336e-05
110343;-9.69757e-05
110443;-7.50681e-05
110543;-0.000102809
110642;-7.02466e-05
110742;-9.71148e-05
110842;-7.68921e-05
110942;-0.000108063
111042;-6.88184e-05
111142;-0.000106036
111242;-6.37607e-05
111342;-9.77624e-05
111442;-6.81314e-05
111542;-9.93695e-05
111642;-6.87911e-05
111742;-0.000102594
111842;-6.426e-05
111942;-9.67695e-05
112042;-6.79643e-05
112142;-9.98244e-05
112242;-6.655e-05
112342;-0.000100401
112442;-6.36832e-05
112541;-9.48025e-05
112641;-6.87542e-05
112741;-9.99068e-05
112841;-6.69814e-05
112941;-0.000101205
113041;-6.5199e-05
113141;-0.000101916
113241;-6.16443e-05
113341;-9.68099e-05
113441;-6.39333e-05
113541;-9.70425e-05
113641;-6.4711e-05
113741;-9.79305e-05
113841;-6.45907e-05
113941;-9.82506e-05
114041;-6.50708e-05
114141;-0.000100937
114241;-6.15702e-05
114341;-9.55168e-05
114440;-6.73187e-05
114540;-0.000105262
114640;-5.90072e-05
114740;-9.70057e-05
114840;-6.31252e-05
114940;-0.000100052
115040;-6.25725e-05
115140;-0.00010243
115240;-5.97248e-05
115340;-0.000101006
115440;-5.88574e-05
115540;-0.000100933
115640;-5.61927e-05
115740;-9.60446e-05
115840;-5.83446e-05
115940;-9.56775e-05
116040;-5.99179e-05
116140;-9.80775e-05
116240;-5.79781e-05
116340;-9.55325e-05
116439;-5.98448e-05
116539;-9.80436e-05
116639;-5.72771e-05
116739;-9.30247e-05
116839;-6.24152e-05
116939;-0.000100052
117039;-5.80107e-05
117139;-9.52352e-05
117239;-6.20772e-05
117339;-0.000100141
117439;-6.1785e-05
117539;-0.000106449
117639;-5.46437e-05
117739;-9.88646e-05
117839;-5.90543e-05
117939;-0.00010728
118039;-4.97944e-05
118139;-9.53342e-05
118239;-5.44945e-05
118338;-9.46158e-05
118438;-5.83401e-05
118538;-0.000100633
118638;-5.50556e-05
118738;-9.7966e-05
118838;-5.69884e-05
118938;-0.000101193
119038;-5.57092e-05
119138;-0.000103098
119238;-5.27523e-05
119338;-0.000100528
119438;-5.30558e-05
119538;-0.000101574
119638;-5.03877e-05
119738;-9.67822e-05
119838;-5.27463e-05
119938;-9.75962e-05
120038;-5.278e-05
120138;-9.57146e-05
120237;-5.69705e-05
120337;-0.000104251
120437;-5.17859e-05
120537;-0.00010119
120637;-5.23378e-05
120737;-0.000103216
120837;-4.95723e-05
120937;-9.91733e-05
121037;-5.27778e-05
121137;-0.000105967
121237;-4.68736e-05
121337;-9.99811e-05
121437;-4.80374e-05
121537;-9.91975e-05
121637;-4.83989e-05
121737;-9.88769e-05
121837;-4.89836e-05
121937;-0.000100818
122037;-4.62528e-05
122136;-9.48212e-05
122236;-5.18566e-05
122336;-0.000104248
122436;-4.57027e-05
122536;-9.8516e-05
122636;-4.72775e-05
122736;-9.89683e-05
122836;-4.73903e-05
122936;-9.98755e-05
123036;-4.63942e-05
123136;-9.88461e-05
123236;-4.68384e-05
123336;-0.000100444
123436;-4.45972e-05
123536;-9.63877e-05
123636;-4.69799e-05
123736;-9.84171e-05
123836;-4.66547e-05
123936;-9.80555e-05
124036;-4.86886e-05
124135;-0.00010468
124235;-4.37872e-05
124335;-0.000100601
124435;-4.47531e-05
124535;-0.000103159
124635;-4.14445e-05
124735;-9.88615e-05
124835;-4.22467e-05
124935;-9.83169e-05
125035;-4.20745e-05
125135;-9.70957e-05
125235;-4.2649e-05
125335;-9.75501e-05
125435;-4.17748e-05
125535;-9.45589e-05
125635;-4.47482e-05
125735;-0.000100163
125835;-4.04597e-05
125935;-9.2619e-05
126034;-4.63895e-05
126134;-0.000103109
126234;-3.94837e-05
126334;-9.46457e-05
126434;-4.28445e-05
126534;-9.67846e-05
126634;-4.2534e-05
126734;-9.61739e-05
126834;-4.38003e-05
126934;-9.8505e-05
127034;-4.38425e-05
127134;-0.000102159
127234;-4.07754e-05
127334;-9.94505e-05
127434;-4.11691e-05
127534;-9.98767e-05
127634;-4.09104e-05
127734;-0.000100668
127834;-4.03578e-05
127933;-0.000103127
128033;-3.58049e-05
128133;-9.36492e-05
128233;-4.12662e-05
128333;-0.000100419
128433;-3.80677e-05
128533;-9.72666e-05
128633;-3.89255e-05
128733;-9.82137e-05
128833;-3.76998e-05
128933;-9.52734e-05
129033;-3.9364e-05
129133;-9.64352e-05
129233;-3.98354e-05
129333;-9.85226e-05
129433;-3.84489e-05
129533;-9.67562e-05
129633;-3.9558e-05
129733;-9.93536e-05
129832;-3.73787e-05
129932;-9.51026e-05
130032;-4.00442e-05
130132;-9.80079e-05
130232;-3.9912e-05
130332;-9.85214e-05
130432;-4.2126e-05
130532;-0.0001089
130632;-3.3717e-05
130732;-9.68769e-05
130832;-3.86361e-05
130932;-0.000101745
131032;-3.80568e-05
131132;-0.000106168
131232;-3.30999e-05
131332;-9.8421e-05
131432;-3.57192e-05
131532;-9.98356e-05
131632;-3.58799e-05
131731;-0.000101237
131831;-3.47616e-05
131931;-9.93272e-05
132031;-3.65385e-05
132131;-0.000104667
132231;-3.29678e-05
132331;-0.000101583
132431;-3.21717e-05
132531;-9.80662e-05
132631;-3.37329e-05
132731;-9.89106e-05
132831;-3.39102e-05
132931;-9.91487e-05
133031;-3.45963e-05
133131;-0.00010198
133231;-3.31763e-05
133331;-0.000102135
133431;-3.21076e-05
133531;-0.000102021
133631;-3.00122e-05
133730;-9.54162e-05
133830;-3.46968e-05
133930;-0.000104527
134030;-2.96588e-05
134130;-9.76571e-05
134230;-3.25104e-05
134330;-0.000102823
134430;-2.90113e-05
134530;-9.72817e-05
134630;-3.07977e-05
134730;-9.82718e-05
134830;-3.09874e-05
134930;-0.000100179
135030;-2.87993e-05
135130;-9.5264e-05
135230;-3.08589e-05
135330;-9.5686e-05
135430;-3.28102e-05
135530;-0.000101694
135629;-2.99536e-05
135729;-0.000100494
135829;-2.81794e-05
135929;-9.47706e-05
136029;-3.15554e-05
136129;-0.00010032
136229;-2.88885e-05
136329;-9.52478e-05
136429;-3.25796e-05
136529;-0.000103651
136629;-2.87676e-05
136729;-0.000101362
136829;-2.76701e-05
136929;-9.8572e-05
137029;-2.83976e-05
137129;-9.96822e-05
137229;-2.69626e-05
137329;-9.61113e-05
137429;-2.80552e-05
137528;-9.5226e-05
137628;-2.94385e-05
137728;-9.65205e-05
137828;-3.07074e-05
137928;-0.000102132
138028;-2.75807e-05
138128;-9.82718e-05
138228;-2.84587e-05
138328;-9.77774e-05
138428;-3.04515e-05
138528;-0.000104561
138628;-2.74976e-05
138728;-0.000104509
138828;-2.50251e-05
138928;-0.00010043
139028;-2.45941e-05
139128;-9.49041e-05
139228;-2.84414e-05
139328;-0.000101302
139427;-2.70834e-05
139527;-0.000103803
139627;-2.42038e-05
139727;-9.91777e-05
139827;-2.50875e-05
139927;-9.96347e-05
140027;-2.462e-05
140127;-9.9521e-05
140227;-2.28113e-05
140327;-9.11015e-05
140427;-2.85786e-05
140527;-0.000101774
140627;-2.53259e-05
140727;-0.000100792
140827;-2.37104e-05
140927;-9.48636e-05
141027;-2.80228e-05
141127;-0.000106107
141227;-2.23703e-05
141327;-9.79392e-05
141426;-2.46025e-05
141526;-0.000100801
141626;-2.37103e-05
141726;-0.000102249
141826;-2.06814e-05
141926;-9.36095e-05
142026;-2.40081e-05
142126;-9.58001e-05
142226;-2.50207e-05
142326;-9.99662e-05
142426;-2.30347e-05
142526;-9.68624e-05
142626;-2.41407e-05
142726;-9.82775e-05
142826;-2.40472e-05
142926;-9.82383e-05
143026;-2.53233e-05
143126;-0.000104785
143226;-2.16689e-05
143325;-0.000100092
143425;-2.22046e-05
143525;-0.000100162
143625;-2.20023e-05
143725;-0.00010054
143825;-2.10055e-05
143925;-9.75473e-05
144025;-2.25424e-05
144125;-0.0001021
144225;-1.95402e-05
144325;-9.58734e-05
144425;-2.07272e-05
144525;-9.26997e-05
144625;-2.43673e-05
144725;-0.000102007
144825;-2.07476e-05
144925;-9.63572e-05
145025;-2.28957e-05
145125;-0.000100313
145224;-2.22237e-05
145324;-0.000102809
145424;-1.98251e-05
145524;-9.70613e-05
145624;-2.23457e-05
145724;-0.000102261
145824;-2.10587e-05
145924;-0.000104793
146024;-1.71697e-05
146124;-9.20686e-05
146224;-2.35481e-05
146324;-0.000104974
146424;-1.98384e-05
146524;-0.000103217
146624;-1.87466e-05
146724;-0.000100839
146824;-1.93744e-05
146924;-0.000104366
147024;-1.62242e-05
147123;-9.72075e-05
147223;-1.72604e-05
147323;-9.45352e-05
147423;-1.84333e-05
147523;-9.18725e-05
147623;-2.23537e-05
147723;-0.000103632
147823;-1.79426e-05
147923;-9.63642e-05
148023;-2.05666e-05
148123;-0.000101601
148223;-2.00578e-05
148323;-0.000107759
148423;-1.49768e-05
148523;-9.59179e-05
148623;-1.8105e-05
148723;-9.80453e-05
148823;-1.87693e-05
148923;-0.000101556
149023;-1.72981e-05
149122;-9.97917e-05
149222;-1.73086e-05
149322;-9.92024e-05
149422;-1.7576e-05
149522;-9.98185e-05
149622;-1.76525e-05
149722;-0.000101411
149822;-1.69067e-05
149922;-0.000100715
150022;-1.7488e-05
150122;-0.000106235
150222;-1.36617e-05
150322;-9.83152e-05
150422;-1.45971e-05
150522;-9.60374e-05
150622;-1.56568e-05
150722;-9.64537e-05
150822;-1.63104e-05
150922;-9.94726e-05
151021;-1.47341e-05
151121;-9.609e-05
151221;-1.53445e-05
151321;-9.66415e-05
151421;-1.4292e-05
151521;-9.03193e-05
151621;-1.72115e-05
151721;-9.33953e-05
151821;-1.86389e-05
151921;-0.000100461
152021;-1.67309e-05
152121;-0.000100263
152221;-1.59482e-05
152321;-9.89368e-05
152421;-1.62732e-05
152521;-0.0001003
152621;-1.60479e-05
152721;-0.000102654
152821;-1.43321e-05
152920;-9.97157e-05
153020;-1.40597e-05
153120;-9.64056e-05
153220;-1.54537e-05
153320;-9.88089e-05
153420;-1.53363e-05
153520;-0.000101303
153620;-1.326e-05
153720;-9.34688e-05
153820;-1.65848e-05
153920;-0.000100438
154020;-1.56603e-05
154120;-0.000102221
154220;-1.49289e-05
154320;-0.000103382
154420;-1.40088e-05
154520;-0.000103873
154620;-1.25185e-05
154720;-0.00010023
154819;-1.25343e-05
154919;-9.71635e-05
155019;-1.4069e-05
155119;-0.000101733
155219;-1.21778e-05
155319;-9.63501e-05
155419;-1.39373e-05
155519;-9.94439e-05
155619;-1.41813e-05
155719;-0.000105939
155819;-9.89347e-06
155919;-9.22352e-05
156019;-1.39885e-05
156119;-9.89206e-05
156219;-1.3318e-05
156319;-0.000100592
156419;-1.22041e-05
156519;-9.79843e-05
156619;-1.25582e-05
156719;-9.69417e-05
156818;-1.36164e-05
156918;-0.00010058
157018;-1.29104e-05
157118;-0.000100636
157218;-1.32583e-05
157318;-0.000106183
157418;-9.98039e-06
157518;-9.69257e-05
157618;-1.2247e-05
157718;-0.000101646
157818;-1.08732e-05
157918;-9.96915e-05
158018;-1.02325e-05
158118;-9.46908e-05
158218;-1.2015e-05
158318;-9.81189e-05
158418;-1.11741e-05
158518;-9.37565e-05
158618;-1.38964e-05
158717;-0.000104158
158817;-1.07715e-05
158917;-9.73714e-05
159017;-1.28933e-05
159117;-0.000105429
159217;-1.01545e-05
159317;-0.000100243
159417;-1.07404e-05
159517;-0.00010166
159617;-9.56727e-06
159717;-9.6645e-05
159817;-1.07688e-05
159917;-9.64381e-05
160017;-1.23946e-05
160117;-0.000104751
160217;-9.75953e-06
160317;-9.91707e-05
160417;-1.1086e-05
160517;-0.000104405
160616;-9.09361e-06
160716;-0.000100112
160816;-9.22145e-06
160916;-9.76341e-05
161016;-1.02309e-05
161116;-0.000100332
161216;-9.62392e-06
161316;-9.87843e-05
161416;-1.04094e-05
161516;-0.000103553
161616;-8.44904e-06
161716;-9.81942e-05
161816;-9.31878e-06
161916;-9.93341e-05
162016;-8.7392e-06
162116;-9.47004e-05
162216;-1.10463e-05
162316;-0.000103139
162416;-8.97417e-06
162515;-9.78785e-05
162615;-1.09757e-05
162715;-0.000107024
162815;-8.61392e-06
162915;-0.000105132
163015;-7.72603e-06
163115;-0.000103247
163215;-6.93042e-06
163315;-9.85266e-05
163415;-7.62771e-06
163515;-9.71176e-05
163615;-8.73358e-06
163715;-0.000101548
163815;-7.62271e-06
163915;-9.90389e-05
164015;-8.3086e-06
164115;-0.000103503
164215;-6.41949e-06
164315;-9.85001e-05
164415;-6.41467e-06
164514;-9.46296e-05
164614;-7.02358e-06
164714;-8.98176e-05
164814;-1.05234e-05
164914;-0.000105557
165014;-6.74462e-06
165114;-9.77323e-05
165214;-7.69675e-06
165314;-9.98913e-05
165414;-6.9236e-06
165514;-9.65292e-05
165614;-8.0573e-06
165714;-0.000102283
165814;-6.09075e-06
165914;-9.62378e-05
166014;-6.6427e-06
166114;-9.30251e-05
166214;-8.67468e-06
166314;-0.000102452
166413;-6.4318e-06
166513;-9.78994e-05
166613;-6.5247e-06
166713;-9.57608e-05
166813;-7.19441e-06
166913;-9.78155e-05
167013;-6.69424e-06
167113;-9.57221e-05
167213;-7.2815e-06
167313;-9.75482e-05
167413;-7.08662e-06
167513;-9.80467e-05
167613;-6.80217e-06
167713;-9.70243e-05
167813;-7.06591e-06
167913;-9.84894e-05
168013;-6.52869e-06
168113;-9.57755e-05
168213;-7.28962e-06
168312;-9.75785e-05
168412;-7.62348e-06
168512;-0.000101929
168612;-6.58931e-06
168712;-0.000101651
168812;-5.54297e-06
168912;-9.44747e-05
169012;-7.82196e-06
169112;-0.00010516
169212;-5.29949e-06
169312;-9.83458e-05
169412;-5.87587e-06
169512;-9.79006e-05
169612;-6.05264e-06
169712;-9.73958e-05
169812;-6.53792e-06
169912;-0.000100094
170012;-6.09805e-06
170112;-0.000100014
170211;-5.87125e-06
170311;-9.89334e-05
170411;-6.27129e-06
170511;-0.00010206
170611;-5.34863e-06
170711;-9.86236e-05
170811;-5.97876e-06
170911;-0.000100351
171011;-6.26453e-06
171111;-0.000106452
171211;-4.22412e-06
171311;-0.000100299
171411;-4.19908e-06
171511;-9.56514e-05
171611;-5.18284e-06
171711;-9.64663e-05
171811;-5.65406e-06
171911;-9.8492e-05
172011;-5.77187e-06
172111;-0.000101645
172210;-4.84286e-06
172310;-9.69473e-05
172410;-6.22331e-06
172510;-0.000104518
172610;-5.01303e-06
172710;-0.000104095
172810;-4.30691e-06
172910;-0.000101822
173010;-3.8888e-06
173110;-9.5744e-05
173210;-5.64026e-06
173310;-0.000103423
173410;-4.67016e-06
173510;-0.000102272
173610;-4.85796e-06
173710;-0.000105572
173810;-4.22077e-06
173910;-0.000108401
174010;-2.22335e-06
174109;-9.78209e-05
174209;-3.29761e-06
174309;-9.77503e-05
174409;-3.24221e-06
174509;-9.22698e-05
174609;-5.29836e-06
174709;-0.000101704
174809;-4.81697e-06
174909;-0.000108346
175009;-2.61355e-06
175109;-9.9536e-05
175209;-3.48476e-06
175309;-0.000103112
175409;-2.18749e-06
175509;-9.40236e-05
175609;-3.61299e-06
175709;-9.59837e-05
175809;-4.37349e-06
175909;-0.000103556
176008;-2.93181e-06
176108;-9.81074e-05
176208;-3.83113e-06
176308;-0.000105011
176408;-2.16357e-06
176508;-9.80685e-05
176608;-2.44792e-06
176708;-9.47204e-05
176808;-3.37744e-06
176908;-9.93372e-05
177008;-2.7325e-06
177108;-9.81713e-05
177208;-2.15417e-06
177308;-9.02858e-05
177408;-3.8723e-06
177508;-9.72358e-05
177608;-3.51046e-06
177708;-9.92132e-05
177808;-2.88983e-06
177907;-9.55763e-05
178007;-3.51377e-06
178107;-9.85153e-05
178207;-3.33786e-06
178307;-9.95547e-05
178407;-3.12111e-06
178507;-9.93679e-05
178607;-3.18413e-06
178707;-0.000101635
178807;-2.68877e-06
178907;-0.000101294
179007;-2.13142e-06
179107;-9.73568e-05
179207;-2.04342e-06
179307;-8.90861e-05
179407;-4.47989e-06
179507;-0.000105641
179607;-2.55646e-06
179707;-0.000101537
179807;-2.31711e-06
179906;-9.87831e-05
180006;-2.54998e-06
180106;-9.87354e-05
180206;-2.71794e-06
180306;-9.95545e-05
180406;-3.03383e-06
180506;-0.000105936
180606;-1.79499e-06
180706;-0.000100617
180806;-2.07704e-06
180906;-0.000102916
181006;-1.08706e-06
181106;-9.18854e-05
181206;-3.03406e-06
181306;-0.000104869
181406;-1.39006e-06
181506;-9.69601e-05
181606;-2.09555e-06
181706;-0.000100766
181805;-1.50621e-06
181905;-9.81654e-05
182005;-1.16572e-06
182105;-8.92833e-05
182205;-2.91673e-06
182305;-9.97692e-05
182405;-2.29452e-06
182505;-0.000100658
182605;-2.12517e-06
182705;-0.000103277
182805;-1.42703e-06
182905;-0.000101072
183005;-8.21663e-07
183105;-9.10032e-05
183205;-2.33353e-06
183305;-0.000100659
183405;-1.38476e-06
183505;-9.60482e-05
183605;-1.53846e-06
183704;-9.37202e-05
183804;-1.90045e-06
183904;-9.1784e-05
184004;-3.09757e-06
184104;-0.000105482
184204;-1.75759e-06
184304;-0.000101491
184404;-1.74721e-06
184504;-0.000100815
184604;-2.03464e-06
184704;-0.000107964
184804;-7.77461e-07
184904;-0.000100148
185004;-8.61539e-07
185104;-9.45804e-05
185204;-1.71042e-06
185304;-9.89151e-05
185404;-1.88029e-06
185504;-0.000106252
185603;-7.98373e-07
185703;-9.89772e-05
185803;-1.26777e-06
185903;-0.000102989
186003;-6.05526e-07
186103;-9.68634e-05
186203;-8.5808e-07
186303;-9.35395e-05
186403;-1.59028e-06
186503;-9.98483e-05
186603;-1.28494e-06
186703;-9.99208e-05
186803;-1.35015e-06
186903;-0.000104364
187003;-6.28435e-07
187103;-9.91256e-05
187203;-6.86147e-07
187303;-9.64581e-05
187403;-8.8366e-07
187502;-9.58802e-05
187602;-9.47106e-07
187702;-9.18483e-05
187802;-1.97515e-06
187902;-0.000105434
188002;-1.1021e-06
188102;-0.000103978
188202;-9.33665e-07
188302;-0.000105716
188402;-3.4176e-07
188502;-9.92863e-05
188602;-5.04852e-07
188702;-9.65731e-05
188802;-8.30184e-07
188902;-9.79787e-05
189002;-1.02921e-06
189102;-0.000103727
189202;-4.16727e-07
189302;-9.73847e-05
189402;-7.95956e-07
189501;-0.000100483
189601;-6.18181e-07
189701;-9.87737e-05
189801;-7.91313e-07
189901;-0.000101551
190001;-6.61579e-07
190101;-0.000102395
190201;-6.1111e-07
190301;-0.000107106
190401;2.43123e-07
190501;-9.47464e-05
190601;-1.14175e-07
190701;-8.73078e-05
190801;-1.30598e-06
190901;-0.000104955
191001;-5.10144e-07
191101;-0.000103151
191201;-1.96052e-07
191301;-9.71143e-05
191400;-5.30622e-07
191500;-0.000100983
191600;-3.45001e-07
191700;-0.000100145
191800;-2.86693e-07
191900;-9.92064e-05
192000;-3.05001e-07
192100;-0.000100934
192200;4.92358e-08
192300;-9.12534e-05
192400;-5.48441e-07
192500;-9.82141e-05
192600;-3.1066e-07
192700;-9.43476e-05
192800;-5.9462e-07
192900;-9.788e-05
193000;-7.17566e-07
193100;-0.000106601
193200;-1.85196e-07
193299;-0.000100813
193399;-2.75994e-07
193499;-0.000102011
193599;-1.56371e-07
193699;-9.92537e-05
193799;-3.10042e-07
193899;-0.000104251
193999;-2.73115e-08
194099;-0.00010141
194199;1.33438e-07
194299;-9.24969e-05
194399;-2.9852e-07
194499;-0.000100117
194599;-6.33879e-08
194699;-9.57131e-05
194799;-1.8858e-07
194899;-9.60994e-05
194999;-2.89689e-07
195099;-9.99489e-05
195198;-2.10286e-07
195298;-0.000101225
195398;-9.00877e-08
195498;-9.73269e-05
195598;-2.59943e-07
195698;-0.000104044
195798;-4.3775e-08
195898;-0.000100892
195998;-3.25206e-08
196098;-9.98186e-05
196198;-1.71922e-08
196298;-9.82572e-05
196398;-3.95063e-08
196498;-9.78629e-05
196598;-5.54914e-08
196698;-9.84358e-05
196798;-1.46913e-08
196898;-9.44268e-05
196998;-1.64273e-07
197098;-0.00010186
197197;-3.14423e-08
197297;-9.95158e-05
197397;-5.54897e-09
197497;-9.57963e-05
197597;-8.56464e-08
197697;-9.89056e-05
197797;-6.77038e-08
197897;-9.95597e-05
197997;-7.09414e-08
198097;-0.000102483
198197;-2.01717e-08
198297;-0.000101087
198397;-2.21841e-08
198497;-0.000103245
198597;2.96115e-08
198697;-9.84681e-05
198797;1.3071e-08
198897;-9.55722e-05
198997;-2.56035e-08
199096;-9.97504e-05
199196;-1.46666e-08
199296;-0.000101938
199396;9.36748e-10
199496;-0.000101186
199596;6.3464e-09
199696;-9.65778e-05
199796;-2.00566e-09
